City ID,City,Country,Lat,Long,Date,Temp Max,Humidity,Cloudiness,Wind Speed
3369157,Cape Town,ZA,-33.93,18.42,12/28/2020,71.006,64,20,8.7
3833367,Ushuaia,AR,-54.8,-68.3,12/28/2020,55.4,54,75,2.1
5106841,Albany,US,42.6,-73.97,12/28/2020,39.992,72,81,3.17
5880054,Barrow,US,71.29,-156.79,12/28/2020,3.2,71,90,5.7
6167817,Torbay,CA,47.67,-52.73,12/28/2020,33.998,69,20,3.6
5855927,Hilo,US,19.73,-155.09,12/28/2020,69.8,83,75,2.6
3883457,Lebu,CL,-37.62,-73.65,12/28/2020,64.454,75,13,5.12
2163355,Hobart,AU,-42.88,147.33,12/28/2020,53.6,54,40,3.6
5640350,Billings Metropolitan Area,US,45.78,-108.5,12/28/2020,19.4,92,75,0.57
6089245,Norman Wells,CA,65.28,-126.83,12/28/2020,-16.6,75,20,2.6
5847411,Kahului,US,20.89,-156.47,12/28/2020,68,77,20,2.1
1529484,Kumul,CN,42.8,93.45,12/28/2020,12.938,74,0,2.2
5122534,Jamestown,US,42.1,-79.24,12/28/2020,33.998,97,90,7.7
5392126,San Joaquin,US,37.93,-121.3,12/28/2020,51.8,76,90,1.5
4031637,Lavrentiya,RU,65.58,-171,12/28/2020,17.582,94,100,7.46
4020109,Atuona,PF,-9.8,-139.03,12/28/2020,78.62,72,37,7.2
2647074,Hereford,GB,52.06,-2.71,12/28/2020,33.998,94,83,1.48
4030556,Rikitea,PF,-23.12,-134.97,12/28/2020,78.566,80,89,8.62
2126123,Chokurdakh,RU,70.63,147.92,12/28/2020,-35.356,84,16,1.52
3924895,Plácido de Castro,BR,-10.34,-67.19,12/28/2020,82.76,79,100,1.68
5404476,Ukiah,US,39.15,-123.21,12/28/2020,46.994,54,1,0.86
118063,Sabzawār,IR,36.21,57.68,12/28/2020,33.152,74,0,2.37
2110227,Butaritari,KI,3.07,172.79,12/28/2020,80.564,80,13,8.76
1337618,Manadhoo,MV,5.77,73.38,12/28/2020,81.932,70,0,4.09
1505579,Inta,RU,66.03,60.17,12/28/2020,-20.614,85,98,2.35
2156643,Mount Gambier,AU,-37.83,140.77,12/28/2020,51.8,87,90,3.1
2063042,Port Hedland,AU,-20.32,118.57,12/28/2020,84.2,79,26,2.6
1106677,Bambous Virieux,MU,-20.34,57.76,12/28/2020,77,78,75,3.6
257122,Methóni,GR,36.82,21.7,12/28/2020,55.004,93,40,5.2
2155415,New Norfolk,AU,-42.78,147.06,12/28/2020,53.6,54,40,3.6
777019,Vardø,NO,70.37,31.11,12/28/2020,28.4,92,75,12.3
1006984,East London,ZA,-33.02,27.91,12/28/2020,71.6,78,20,6.7
1500399,Lokosovo,RU,61.13,74.82,12/28/2020,-0.13,93,100,5.68
3664980,Boa Vista,BR,2.82,-60.67,12/28/2020,89.6,52,40,5.1
1015776,Bredasdorp,ZA,-34.53,20.04,12/28/2020,68,64,12,4.1
3366880,Hermanus,ZA,-34.42,19.23,12/28/2020,71.006,67,22,1.79
3443061,Chui,UY,-33.7,-53.46,12/28/2020,77.162,64,55,5.47
100926,Umluj,SA,25.02,37.27,12/28/2020,75.326,57,28,2.55
6201424,Mataura,NZ,-46.19,168.86,12/28/2020,48.002,91,0,0.89
3874787,Punta Arenas,CL,-53.15,-70.92,12/28/2020,60.8,38,20,7.7
1507390,Dikson,RU,73.51,80.55,12/28/2020,-22.306,88,97,4.51
2075265,Busselton,AU,-33.65,115.33,12/28/2020,64.004,63,100,2.24
2173911,Broken Hill,AU,-31.95,141.43,12/28/2020,59,38,0,8.7
5911745,Burns Lake,CA,54.23,-125.75,12/28/2020,21.2,92,100,1
1252783,Yārāda,IN,17.65,83.27,12/28/2020,73.454,68,0,2.78
1809858,Guangzhou,CN,23.12,113.25,12/28/2020,68,82,0,1
3430863,Mar del Plata,AR,-38,-57.56,12/28/2020,75.2,73,20,10.3
4035715,Avarua,CK,-21.21,-159.78,12/28/2020,75.2,94,17,2.1
3149533,Roverud,NO,60.25,12.05,12/28/2020,35.6,94,90,2.1
3424607,Tasiilaq,GL,65.61,-37.64,12/28/2020,28.4,63,100,0.5
3347019,Mossamedes,AO,-15.2,12.15,12/28/2020,72.968,76,76,2.82
780687,Berlevåg,NO,70.86,29.09,12/28/2020,26.6,73,75,6.7
3868633,Vallenar,CL,-28.57,-70.76,12/28/2020,84.74,25,0,5.05
1641977,Kalianget,ID,-7.05,113.93,12/28/2020,79.844,81,44,2.44
964420,Port Elizabeth,ZA,-33.92,25.57,12/28/2020,71.6,78,0,8.7
699413,Novomykolayivka,UA,47.98,35.91,12/28/2020,32,91,90,5
2729907,Longyearbyen,SJ,78.22,15.64,12/28/2020,26.6,79,75,11.8
4031742,Egvekinot,RU,66.32,-179.17,12/28/2020,-1.138,88,100,11.59
1731298,Aloleng,PH,16.13,119.78,12/28/2020,78.854,83,43,1.94
3652764,Puerto Ayora,EC,-0.74,-90.35,12/28/2020,80.6,74,75,8.2
2943049,Brunsbüttel,DE,53.9,9.15,12/28/2020,37.994,91,99,3.42
5861897,Fairbanks,US,64.84,-147.72,12/28/2020,14,66,20,1.77
2281951,Sassandra,CI,4.95,-6.08,12/28/2020,80.762,80,15,4.17
2027296,Aykhal,RU,66,111.5,12/28/2020,-7.6,83,75,5
2017155,Saskylakh,RU,71.92,114.08,12/28/2020,-16.402,86,100,10.78
4726521,San Patricio,US,28.02,-97.52,12/28/2020,77,69,75,6.7
3466704,Castro,BR,-24.79,-50.01,12/28/2020,74.444,79,51,1.68
3471451,Arraial do Cabo,BR,-22.97,-42.03,12/28/2020,84.2,62,75,6.7
2027244,Bagdarin,RU,54.43,113.6,12/28/2020,-16.474,76,100,2.45
2012530,Zhigansk,RU,66.77,123.37,12/28/2020,-2.362,89,100,9.26
3893629,Coquimbo,CL,-29.95,-71.34,12/28/2020,68,64,20,6.7
632370,Varkaus,FI,62.32,27.87,12/28/2020,30.002,86,40,6.2
2025456,Chernyshevskiy,RU,63.01,112.47,12/28/2020,-14.602,88,100,2.92
2012956,Yerbogachën,RU,61.28,108.01,12/28/2020,-21.136,85,97,3.96
3933104,Pangoa,PE,-12.12,-73,12/28/2020,69.908,96,100,0.5
546105,Nikolskoye,RU,59.7,30.79,12/28/2020,28.4,79,75,7
3855075,General Pico,AR,-35.66,-63.76,12/28/2020,87.71,41,100,4.01
6170031,Tuktoyaktuk,CA,69.45,-133.04,12/28/2020,-11.2,76,75,3.1
1491230,Sovetskiy,RU,61.36,63.58,12/28/2020,-13.486,88,100,3.68
3463920,Esplanada,BR,-11.8,-37.95,12/28/2020,86.144,47,15,5.48
3166595,Sestri Levante,IT,44.27,9.4,12/28/2020,42.998,98,80,1.55
3414079,Olafsvik,IS,64.89,-23.71,12/28/2020,29.372,86,15,2.72
3945985,Camaná,PE,-16.62,-72.71,12/28/2020,75.632,65,100,4.47
934322,Mahébourg,MU,-20.41,57.7,12/28/2020,77,78,75,3.6
5746545,Portland,US,45.52,-122.68,12/28/2020,41,83,60,0.45
5354943,Half Moon Bay,US,37.46,-122.43,12/28/2020,50,81,90,1.5
610864,Khani,GE,41.96,42.96,12/28/2020,57.2,30,0,10.8
1631637,Pemangkat,ID,1.17,108.97,12/28/2020,77.81,84,96,3.05
461442,Ape,LV,57.54,26.69,12/28/2020,32.828,93,100,7.1
2022572,Khatanga,RU,71.97,102.5,12/28/2020,-30.01,84,83,6.81
172515,Abu Samrah,SY,35.3,37.18,12/28/2020,49.694,65,100,3.08
5866583,Saint Paul Harbor,US,57.79,-152.41,12/28/2020,39.2,82,90,7.2
3985710,Cabo San Lucas,MX,22.89,-109.91,12/28/2020,75.002,40,5,1.5
2641181,Norwich,GB,52.63,1.3,12/28/2020,39.992,93,75,2.1
223816,Djibouti,DJ,11.5,42.5,12/28/2020,78.8,65,20,2.1
3984997,San Quintín,MX,30.48,-115.95,12/28/2020,59.198,67,70,3.11
3671519,Puerto Carreño,CO,6.19,-67.49,12/28/2020,91.796,47,45,4.59
2038067,Chifeng,CN,42.27,118.96,12/28/2020,-6.412,81,70,4.67
5848280,Kapaa,US,22.08,-159.32,12/28/2020,68,94,1,3.1
2630299,Hofn,IS,64.25,-15.21,12/28/2020,30.2,50,75,12.3
2264557,Ponta do Sol,PT,32.67,-17.1,12/28/2020,60.998,63,75,5.7
3843123,Neuquén,AR,-38.95,-68.06,12/28/2020,87.8,35,0,3.1
2024626,Dzhebariki-Khaya,RU,62.22,135.8,12/28/2020,-43.942,77,99,0.81
3831208,Qaanaaq,GL,77.48,-69.36,12/28/2020,16.664,78,83,3.26
1058381,Morondava,MG,-20.28,44.28,12/28/2020,76.784,92,100,9.59
1730622,Anito,PH,12.45,125.29,12/28/2020,77.072,90,94,2.16
964432,Port Alfred,ZA,-33.59,26.89,12/28/2020,71.006,85,39,4.02
108410,Riyadh,SA,24.69,46.72,12/28/2020,59,62,0,1.5
3894426,Coyhaique,CL,-45.58,-72.07,12/28/2020,68,56,90,2.6
1685422,Sulangan,PH,11.14,123.72,12/28/2020,80.726,79,81,3.32
4036284,Alofi,NU,-19.06,-169.92,12/28/2020,71.6,94,40,0.5
3421193,Paamiut,GL,61.99,-49.67,12/28/2020,29.282,93,100,9.06
3386177,Trairi,BR,-3.28,-39.27,12/28/2020,86.936,53,40,7.83
2315026,Kasongo-Lunda,CD,-6.47,16.82,12/28/2020,73.742,89,100,0.61
2191562,Dunedin,NZ,-45.87,170.5,12/28/2020,46.994,79,0,3.13
5918118,Castlegar,CA,49.3,-117.67,12/28/2020,32,92,92,2.1
3655131,La Libertad,EC,-2.23,-80.9,12/28/2020,78.8,69,0,4.6
1651810,Airai,TL,-8.93,125.41,12/28/2020,61.412,100,100,0.56
1879613,Anju,KP,39.62,125.66,12/28/2020,32,93,100,1.47
2180815,Tuatapere,NZ,-46.13,167.68,12/28/2020,48.002,91,39,0.89
290030,Doha,QA,25.29,51.53,12/28/2020,68,72,0,1
921786,Mitsamiouli,KM,-11.38,43.28,12/28/2020,82.022,78,91,4.6
64013,Bosaso,SO,11.28,49.18,12/28/2020,77.324,78,54,6.85
2094342,Kavieng,PG,-2.57,150.8,12/28/2020,83.138,70,97,4.05
2160735,Lakes Entrance,AU,-37.88,147.98,12/28/2020,55.004,88,97,0.53
2126710,Beringovskiy,RU,63.05,179.32,12/28/2020,23.738,98,100,10.63
3382160,Cayenne,GF,4.93,-52.33,12/28/2020,86,74,0,5.1
1632694,Pangkalanbuun,ID,-2.68,111.62,12/28/2020,75.11,94,94,1.17
4032243,Vaini,TO,-21.2,-175.2,12/28/2020,77,88,75,2.6
1623197,Tual,ID,-5.67,132.75,12/28/2020,83.102,79,75,6.42
3464343,Eldorado,BR,-23.79,-54.28,12/28/2020,93.182,39,9,1.76
293842,Kiryat Gat,IL,31.61,34.76,12/28/2020,60.008,39,100,0.45
2122090,Pevek,RU,69.7,170.31,12/28/2020,-24.178,86,2,0.75
1735634,Kuching,MY,1.55,110.33,12/28/2020,78.8,88,20,1.17
2013465,Verkhoyansk,RU,67.54,133.38,12/28/2020,-9.994,87,100,1.35
2206939,Bluff,NZ,-46.6,168.33,12/28/2020,48.002,91,35,0.89
3374083,Bathsheba,BB,13.22,-59.52,12/28/2020,84.2,74,40,5.1
1489822,Tegul'det,RU,57.31,88.17,12/28/2020,-22.306,85,13,3.17
1626542,Sorong,ID,-0.88,131.25,12/28/2020,80.726,79,100,1.75
4893392,Galesburg,US,40.95,-90.37,12/28/2020,28.004,73,90,4.1
5905393,Bonavista,CA,48.65,-53.11,12/28/2020,32,89,18,0.5
1501000,Kyshtovka,RU,56.55,76.63,12/28/2020,-2.902,88,100,6.24
2641434,Northam,GB,51.03,-4.22,12/28/2020,44.006,90,79,3.58
2012938,Yerofey Pavlovich,RU,53.97,121.97,12/28/2020,-17.212,84,100,1.93
666770,Slănic-Moldova,RO,46.2,26.43,12/28/2020,48.2,100,75,6.2
1591474,Bac Lieu,VN,9.29,105.72,12/28/2020,75.974,87,96,2.52
935215,Saint-Philippe,RE,-21.36,55.77,12/28/2020,80.6,65,90,4.6
3646767,Caraballeda,VE,10.61,-66.85,12/28/2020,87.8,70,20,2.6
2015306,Tiksi,RU,71.69,128.87,12/28/2020,4.064,93,100,3.69
2171099,Codrington,AU,-38.27,141.97,12/28/2020,46.706,89,7,3.17
3190941,Šibenik,HR,43.73,15.91,12/28/2020,57.2,62,75,7.2
359783,Assiut,EG,27.18,31.18,12/28/2020,60.8,63,0,5.1
777682,Skjervøy,NO,70.03,20.97,12/28/2020,36.284,79,100,8.64
2644210,Liverpool,GB,53.41,-2.98,12/28/2020,35.6,93,20,1.5
3470137,Belmonte,BR,-15.86,-38.88,12/28/2020,84.2,70,75,3.6
3372707,Ribeira Grande,PT,38.52,-28.7,12/28/2020,60.8,77,75,4.6
5282297,Bethel,US,41.37,-73.41,12/28/2020,44.996,71,75,5.1
2963295,Killybegs,IE,54.63,-8.45,12/28/2020,44.6,70,40,11.8
5563839,Fortuna,US,40.6,-124.16,12/28/2020,32,51,90,3.6
922806,Kipushi,CD,-11.77,27.23,12/28/2020,64.832,95,86,1.37
3137469,Sørland,NO,67.67,12.69,12/28/2020,44.6,69,0,7.7
1651103,Atambua,ID,-9.11,124.89,12/28/2020,75.236,87,100,0.89
1633419,Padang,ID,-0.95,100.35,12/28/2020,77.162,82,100,0.9
53372,Oodweyne,SO,9.41,45.06,12/28/2020,70.52,65,2,5.18
1649150,Bengkulu,ID,-3.8,102.27,12/28/2020,75.812,92,100,5.04
2020838,Lensk,RU,60.73,114.93,12/28/2020,-22.342,81,100,7.37
2126785,Belaya Gora,RU,68.53,146.42,12/28/2020,-32.872,83,0,0.88
5323401,Alpine,US,32.84,-116.77,12/28/2020,51.8,87,75,3.6
2015852,Svetlaya,RU,46.54,138.33,12/28/2020,-0.868,79,1,2.84
3453315,Poconé,BR,-16.26,-56.62,12/28/2020,95.558,40,51,2.11
361291,Hurghada,EG,27.26,33.81,12/28/2020,69.8,52,0,2.1
1508427,Charyshskoye,RU,51.4,83.56,12/28/2020,6.476,77,79,1.51
3072781,Křemže,CZ,48.91,14.31,12/28/2020,35.996,80,100,2.01
1282256,Hithadhoo,MV,-0.6,73.08,12/28/2020,82.454,75,51,3.98
214974,Kalemie,CD,-5.95,29.19,12/28/2020,72.482,85,96,1.47
2288105,Grand-Lahou,CI,5.14,-5.02,12/28/2020,80.924,81,28,4.46
1528998,Yumen,CN,40.28,97.2,12/28/2020,8.69,80,86,4.04
5366604,Lindsay,US,36.2,-119.09,12/28/2020,51.008,81,75,5.1
1485284,Zelenogorskiy,RU,55.03,87,12/28/2020,-27.4,67,0,2
6050066,La Ronge,CA,55.1,-105.28,12/28/2020,6.8,84,29,2.1
8079926,Labuhan,ID,-6.88,112.21,12/28/2020,78.584,86,94,3.08
5655240,Great Falls,US,47.5,-111.3,12/28/2020,30.992,63,1,4.6
114259,Sīrjān,IR,29.45,55.68,12/28/2020,47.246,47,88,2.73
1622318,Waingapu,ID,-9.66,120.26,12/28/2020,79.286,77,70,1.94
86049,Jalu,LY,29.03,21.55,12/28/2020,56.552,44,0,2.96
2633858,Winchester,GB,51.07,-1.32,12/28/2020,37.4,86,75,5.7
3075731,Hluboká nad Vltavou,CZ,49.05,14.43,12/28/2020,35.006,80,100,2
2109528,Buala,SB,-8.14,159.59,12/28/2020,80.42,78,98,2.05
244878,Biltine,TD,14.53,20.92,12/28/2020,77.918,19,0,4.02
2311968,Nioki,CD,-2.72,17.68,12/28/2020,79.268,71,100,1.12
3421765,Nanortalik,GL,60.14,-45.24,12/28/2020,31.892,96,100,2.68
535711,Lesnoye,RU,58.28,35.52,12/28/2020,11.732,96,90,3.9
2361177,Djibo,BF,14.1,-1.63,12/28/2020,78.674,16,0,4.34
3869716,Tocopilla,CL,-22.09,-70.2,12/28/2020,71.726,57,29,1.87
3423146,Ilulissat,GL,69.22,-51.1,12/28/2020,28.4,92,75,2.1
2015608,Tambovka,RU,50.1,128.05,12/28/2020,-18.4,56,0,2
3592086,Ocós,GT,14.51,-92.19,12/28/2020,86,66,20,1
6541759,Mazara del Vallo,IT,37.66,12.59,12/28/2020,53.6,71,0,8.7
5919850,Chapais,CA,49.78,-74.85,12/28/2020,15.8,85,90,3.1
1735106,George Town,MY,5.41,100.34,12/28/2020,82.4,83,20,1.87
1064275,Ihosy,MG,-22.4,46.12,12/28/2020,68.792,91,100,3.29
2122614,Okha,RU,53.57,142.95,12/28/2020,-17.05,85,100,9.63
2013279,Vostok,RU,46.49,135.88,12/28/2020,-20.38,90,73,1.93
1282931,Patan,NP,27.67,85.33,12/28/2020,42.8,87,20,1
2063056,Port Augusta,AU,-32.5,137.77,12/28/2020,60.8,63,90,5.7
287832,Ibrā’,OM,22.69,58.53,12/28/2020,55.472,40,0,1.39
934649,Cap Malheureux,MU,-19.98,57.61,12/28/2020,75.992,79,72,2.68
489135,Staraya Mayna,RU,54.6,48.95,12/28/2020,19.4,79,90,4
2013921,Ust-Kuyga,RU,70.02,135.6,12/28/2020,-15.844,87,100,0.75
986717,Kruisfontein,ZA,-34,24.73,12/28/2020,73.994,73,0,2.24
3416888,Grindavik,IS,63.84,-22.43,12/28/2020,30.2,54,20,7.7
2084442,Vanimo,PG,-2.67,141.3,12/28/2020,77.936,81,90,0.85
4012707,Cosalá,MX,24.41,-106.69,12/28/2020,75.002,55,0,1.79
1862555,Hirado,JP,33.36,129.55,12/28/2020,50,81,89,1.79
2425791,Kibala,TD,9.11,18.35,12/28/2020,87.8,35,0,1.55
472328,Volot,RU,57.93,30.7,12/28/2020,27.014,93,87,5.95
612230,Sagarejo,GE,41.73,45.33,12/28/2020,35.6,74,0,2.6
1529376,Korla,CN,41.76,86.15,12/28/2020,19.886,84,0,2.2
1045114,Inhambane,MZ,-23.86,35.38,12/28/2020,82.4,74,20,3.1
2070998,Geraldton,AU,-28.77,114.6,12/28/2020,71.6,83,59,2.6
1260880,Pahlgām,IN,34.03,75.33,12/28/2020,19.706,73,90,3.81
3372472,Vila Franca do Campo,PT,37.72,-25.43,12/28/2020,57.2,87,75,6.7
4469160,Greenville,US,35.61,-77.37,12/28/2020,55.994,47,91,2.6
3418910,Upernavik,GL,72.79,-56.15,12/28/2020,29.948,95,100,5.12
2138555,Poum,NC,-20.23,164.02,12/28/2020,80.15,78,6,5.54
3870243,Taltal,CL,-25.4,-70.48,12/28/2020,70.07,60,28,3.54
2337639,Ilorin,NG,8.5,4.55,12/28/2020,86.45,20,32,1.74
2404472,Koyima,SL,8.7,-11.03,12/28/2020,80.6,35,67,1.21
494970,Sheltozero,RU,61.37,35.37,12/28/2020,19.58,95,44,7.03
2136825,Isangel,VU,-19.55,169.27,12/28/2020,78.692,82,26,5.42
3471551,Arenápolis,BR,-14.45,-56.85,12/28/2020,87.854,63,60,1
1803791,Licheng,CN,23.3,113.83,12/28/2020,69.998,82,0,1
2208248,Kaitangata,NZ,-46.28,169.85,12/28/2020,48.002,84,7,0.89
2014718,Tynda,RU,55.17,124.72,12/28/2020,-19.066,81,98,2.42
2125693,Evensk,RU,61.95,159.23,12/28/2020,9.752,84,100,6.15
3355672,Lüderitz,NA,-26.65,15.16,12/28/2020,71.6,56,0,12.3
3374210,São Filipe,CV,14.9,-24.5,12/28/2020,76.118,70,88,5.51
3882434,Los Andes,CL,-32.83,-70.6,12/28/2020,87.008,76,2,1.34
157429,Kilindoni,TZ,-7.91,39.67,12/28/2020,82.364,76,80,8.39
1106643,Quatre Cocos,MU,-20.21,57.76,12/28/2020,77,78,75,3.6
2122605,Okhotsk,RU,59.38,143.3,12/28/2020,-30.73,76,0,6.41
3129839,Aras,ES,42.56,-2.36,12/28/2020,50,46,75,9.3
1486321,Yar-Sale,RU,66.83,70.83,12/28/2020,-13.108,89,100,7.04
3454005,Piaçabuçu,BR,-10.41,-36.43,12/28/2020,81.932,63,18,6.14
4031574,Provideniya,RU,64.38,-173.3,12/28/2020,17.006,94,97,10.55
2523082,Syracuse,IT,37.09,15.28,12/28/2020,55.4,71,75,4.6
3628473,San Cristobal,VE,7.77,-72.22,12/28/2020,84.2,58,40,3.6
6185377,Yellowknife,CA,62.46,-114.35,12/28/2020,-0.004,84,75,2.68
1272140,Dwārka,IN,22.24,68.97,12/28/2020,66.272,34,0,4.73
2917520,Grevesmühlen,DE,53.87,11.18,12/28/2020,37.994,88,99,2.24
5107612,Babylon,US,40.7,-73.33,12/28/2020,50,66,90,5.7
610023,Dossor,KZ,47.53,52.98,12/28/2020,19.094,96,35,3.57
286621,Salalah,OM,17.02,54.09,12/28/2020,75.2,57,0,1.5
2511700,Rota,ES,36.62,-6.36,12/28/2020,55.4,76,90,3.1
2121385,Severo-Kuril'sk,RU,50.68,156.12,12/28/2020,25.376,93,94,11.78
3372964,Lagoa,PT,39.05,-27.98,12/28/2020,57.632,79,100,7.88
6165406,Thompson,CA,55.74,-97.86,12/28/2020,-4,83,75,5.7
1071296,Antalaha,MG,-14.9,50.28,12/28/2020,78.116,88,100,1.32
2074865,Carnarvon,AU,-24.87,113.63,12/28/2020,80.6,83,64,6.2
1684803,Tabuk,PH,17.42,121.44,12/28/2020,73.544,91,98,0.45
1512019,Aksarka,RU,66.56,67.8,12/28/2020,-14.458,89,100,5.57
3388456,São José da Coroa Grande,BR,-8.9,-35.15,12/28/2020,81.338,64,45,6.08
2126199,Cherskiy,RU,68.75,161.3,12/28/2020,-35.914,83,24,0.66
4034551,Faanui,PF,-16.48,-151.75,12/28/2020,80.132,71,43,3.45
5546220,Saint George,US,37.1,-113.58,12/28/2020,39.002,64,75,2.2
1855342,Nishihara,JP,26.18,127.76,12/28/2020,71.6,56,90,6.2
510911,Pervomayskiy,RU,53.25,40.29,12/28/2020,5.81,95,6,3.44
1650434,Bambanglipuro,ID,-7.95,110.28,12/28/2020,78.08,84,99,2.62
3448903,São João da Barra,BR,-21.64,-41.05,12/28/2020,86,55,0,7.2
935214,Saint-Pierre,RE,-21.34,55.48,12/28/2020,80.6,65,90,4.6
2013918,Ust-Maya,RU,60.42,134.53,12/28/2020,-33.52,83,100,1.6
5720495,Coos Bay,US,43.37,-124.22,12/28/2020,44.006,67,1,2.6
6162949,Terrace,CA,54.52,-128.6,12/28/2020,30.2,100,90,2.6
364933,Umm Kaddadah,SD,13.6,26.69,12/28/2020,74.552,21,7,5.49
2036933,Helong,CN,42.54,129,12/28/2020,13.442,91,97,0.81
3182178,Provincia di Benevento,IT,41.22,14.75,12/28/2020,57.992,61,96,5.81
5838199,Sheridan,US,44.83,-106.92,12/28/2020,32,79,90,2.1
3899539,Antofagasta,CL,-23.65,-70.4,12/28/2020,73.004,64,20,5.7
562389,Frolovo,RU,49.77,43.66,12/28/2020,16.358,97,4,4.53
4032369,Pangai,TO,-19.8,-174.35,12/28/2020,77,100,90,4.18
158289,Kasamwa,TZ,-2.85,32.43,12/28/2020,66.866,71,64,0.68
4513583,Hamilton,US,39.18,-84.53,12/28/2020,35.996,69,90,5.7
4993659,Garden City,US,42.33,-83.33,12/28/2020,35.996,69,90,8.2
3361934,Saldanha,ZA,-33.01,17.94,12/28/2020,71.6,56,0,9.3
2654970,Brae,GB,60.4,-1.35,12/28/2020,41,80,20,5.7
2094746,Kandrian,PG,-6.22,149.55,12/28/2020,78.134,85,98,2.54
5126209,Mastic Beach,US,40.77,-72.85,12/28/2020,50,70,90,5.7
5131692,Plattsburgh,US,44.7,-73.45,12/28/2020,37.4,74,90,7.7
3466980,Caravelas,BR,-17.71,-39.25,12/28/2020,82.562,64,27,4.58
1805833,Jiexiu,CN,37.02,111.91,12/28/2020,29.138,71,100,3.4
3939761,Hualmay,PE,-11.1,-77.61,12/28/2020,76.532,64,62,5.36
2168305,Dubbo,AU,-32.25,148.62,12/28/2020,64.4,93,90,2.6
1819729,Hong Kong,HK,22.29,114.16,12/28/2020,68,81,45,0.45
1627035,Simpang,ID,-1.27,104.08,12/28/2020,75.578,94,97,0.76
3515710,Texistepec,MX,17.88,-94.78,12/28/2020,78.8,54,75,0.97
3467609,Cananéia,BR,-25.01,-47.93,12/28/2020,79.538,77,43,2.57
1721381,Cabul-an,PH,10.15,124.05,12/28/2020,77,94,90,1
2033196,Zhangjiakou,CN,40.81,114.88,12/28/2020,-3.118,63,91,6.91
3454628,Peçanha,BR,-18.55,-42.56,12/28/2020,76.352,68,97,2.55
2806654,Wolfsburg,DE,52.43,10.8,12/28/2020,39.992,81,71,5.28
3453060,Pontes e Lacerda,BR,-15.23,-59.34,12/28/2020,81.824,80,98,2.13
1802276,Longyan,CN,25.11,117.02,12/28/2020,56.75,86,96,0.61
2063039,Port Keats,AU,-14.25,129.55,12/28/2020,78.98,85,97,1.49
1733782,Labuan,MY,5.28,115.24,12/28/2020,80.6,88,20,1
2514651,Los Llanos de Aridane,ES,28.66,-17.92,12/28/2020,69.8,68,40,3.1
3827406,Benito Juarez,MX,19.39,-99.17,12/28/2020,66.992,26,5,2.1
3510885,Cabral,DO,18.25,-71.22,12/28/2020,84.2,70,20,5.1
962367,Richards Bay,ZA,-28.78,32.04,12/28/2020,71.96,85,1,0.8
522799,Nekrasovskoye,RU,57.68,40.37,12/28/2020,14,85,90,2
777572,Sørkjosen,NO,69.8,20.93,12/28/2020,31.73,90,100,7.38
3395981,Maceió,BR,-9.67,-35.74,12/28/2020,84.2,58,40,6.7
1062553,Mahanoro,MG,-19.9,48.8,12/28/2020,77.432,89,100,2.98
3393692,Itarema,BR,-2.92,-39.92,12/28/2020,86.864,56,44,9.08
1855540,Naze,JP,28.37,129.48,12/28/2020,68,68,75,4.1
5526337,Midland,US,32,-102.08,12/28/2020,50,43,1,7.2
2026160,Borogontsy,RU,62.67,131.17,12/28/2020,-47.362,76,100,1.13
1802068,Lujiang,CN,31.26,117.28,12/28/2020,46.4,81,65,3
933390,Masunga,BW,-20.62,27.45,12/28/2020,84.2,51,20,5.1
3622247,Puerto Limón,CR,10,-83.03,12/28/2020,77,88,75,2.6
4533029,Chickasha,US,35.05,-97.94,12/28/2020,42.8,56,1,5.7
3452711,Porto Nacional,BR,-10.71,-48.42,12/28/2020,89.6,55,40,3.6
1052373,Beira,MZ,-19.84,34.84,12/28/2020,84.2,79,20,5.1
1855476,Nichinan,JP,31.6,131.37,12/28/2020,54.212,74,64,2.71
3162970,Årdalstangen,NO,61.24,7.7,12/28/2020,35.6,55,75,10.8
5993072,Kitimat,CA,54.05,-128.65,12/28/2020,32,96,89,0.37
3359638,Walvis Bay,NA,-22.96,14.51,12/28/2020,68,72,96,3.1
145531,Saurimo,AO,-9.66,20.39,12/28/2020,67.892,94,92,2.08
207596,Mweka,CD,-4.85,21.57,12/28/2020,73.094,88,97,1.25
1622786,Makassar,ID,-5.14,119.42,12/28/2020,73.4,100,20,1.5
2655288,Boddam,GB,57.47,-1.78,12/28/2020,33.998,100,75,2.6
1635882,Mataram,ID,-8.58,116.12,12/28/2020,77,88,40,1.38
578120,Belebey,RU,54.12,54.12,12/28/2020,2.03,94,75,2.1
762120,Pisz,PL,53.63,21.81,12/28/2020,39.2,93,75,5.7
4736028,Terrell,US,32.74,-96.28,12/28/2020,59,50,75,5.1
2092164,Lorengau,PG,-2.02,147.27,12/28/2020,82.04,65,82,2.11
3899695,Ancud,CL,-41.87,-73.82,12/28/2020,73.004,68,75,6.7
2181625,Te Anau,NZ,-45.42,167.72,12/28/2020,41.738,78,20,0.19
2122850,Nikolayevsk-on-Amur,RU,53.14,140.73,12/28/2020,-25.6,79,0,2.93
2455517,Kayes,ML,14,-11,12/28/2020,94.388,15,31,3.39
2071860,Esperance,AU,-33.87,121.9,12/28/2020,53.6,76,10,4.1
1495626,Pangody,RU,65.85,74.49,12/28/2020,-12.298,89,100,8.06
576093,Blagoyevo,RU,63.37,47.92,12/28/2020,-10.57,90,35,0.98
2123836,Lazarev,RU,52.23,141.51,12/28/2020,-17.68,80,28,3.12
3155152,Gravdal,NO,68.12,13.5,12/28/2020,44.6,52,75,8.2
64814,Bandarbeyla,SO,9.49,50.81,12/28/2020,76.55,83,86,10.35
2123814,Leningradskiy,RU,69.38,178.42,12/28/2020,-13.054,84,1,1.61
4565346,Hatillo,PR,18.49,-66.83,12/28/2020,84.992,69,1,3.6
3893726,Constitución,CL,-35.33,-72.42,12/28/2020,68.558,60,4,5.97
625144,Minsk,BY,53.9,27.57,12/28/2020,30.2,100,90,9
2032201,Bulgan,MN,48.81,103.53,12/28/2020,-13.936,79,97,1.7
5710360,Winnemucca,US,40.97,-117.74,12/28/2020,30.2,54,1,8.2
2021041,Kyra,RU,49.58,111.98,12/28/2020,-20.38,77,70,2.38
3598787,Champerico,GT,14.3,-91.92,12/28/2020,86,55,0,4.1
1267390,Kavaratti,IN,10.57,72.64,12/28/2020,81.914,67,19,2.9
1489828,Teeli,RU,51.03,90.23,12/28/2020,-27.652,77,1,0.51
1510689,Baykit,RU,61.67,96.37,12/28/2020,-31.846,78,4,0.32
1067565,Beloha,MG,-25.17,45.05,12/28/2020,80.42,68,58,2.8
3470709,Barra do Garças,BR,-15.89,-52.26,12/28/2020,77,78,75,4.1
3141667,Roald,NO,62.58,6.13,12/28/2020,42.8,52,0,5.1
591632,Kärdla,EE,59,22.75,12/28/2020,33.8,80,90,9.8
3520994,Puerto Escondido,MX,15.85,-97.07,12/28/2020,78.8,74,40,4.1
2139521,Noumea,NC,-22.28,166.46,12/28/2020,75.2,78,75,2.1
3466950,Carinhanha,BR,-14.3,-43.77,12/28/2020,91.382,32,1,3.02
5983720,Iqaluit,CA,63.75,-68.51,12/28/2020,6.8,65,75,8.2
3929611,San Jerónimo,PE,-11.95,-75.28,12/28/2020,58.46,56,89,0.99
5924351,Clyde River,CA,70.47,-68.59,12/28/2020,1.4,84,100,10.3
1512223,Abalak,RU,58.13,68.59,12/28/2020,2.822,95,98,2.32
2165478,Gladstone,AU,-23.85,151.25,12/28/2020,78.8,78,40,3.6
2629833,Husavik,IS,66.04,-17.34,12/28/2020,28.4,68,90,9.3
189280,Lodwar,KE,3.12,35.6,12/28/2020,84.398,35,66,6.29
3465228,Coxim,BR,-18.51,-54.76,12/28/2020,87.962,51,80,1.46
2178753,Kirakira,SB,-10.45,161.92,12/28/2020,79.718,77,98,0.34
3543299,Puerto Padre,CU,21.2,-76.6,12/28/2020,78.8,69,75,8.7
2511239,San Roque,ES,36.21,-5.38,12/28/2020,53.6,87,75,7.7
1737185,Kapit,MY,2.02,112.93,12/28/2020,73.382,94,96,0.52
1817240,Baiyin,CN,36.56,104.21,12/28/2020,21.992,56,40,4
1853174,Sakaiminato,JP,35.55,133.23,12/28/2020,39.2,93,20,0.5
237379,Ndélé,CF,8.41,20.65,12/28/2020,83.21,26,18,2.1
1800521,Minggang,CN,32.46,114.05,12/28/2020,39.434,86,100,8.3
5711149,Altamont,US,42.21,-121.74,12/28/2020,28.994,74,1,4.1
515879,Oktyabr'skiy,RU,54.48,53.47,12/28/2020,0.176,93,62,1.49
3123493,Ferrol,ES,43.48,-8.24,12/28/2020,53.006,81,40,9.8
933995,Souillac,MU,-20.52,57.52,12/28/2020,77,78,75,3.6
3393536,Olinda,BR,-8.01,-34.86,12/28/2020,82.4,58,40,7.2
1238427,Kuliyapitiya,LK,7.47,80.04,12/28/2020,77,94,40,2.1
2206874,Waipawa,NZ,-41.41,175.52,12/28/2020,55.4,66,93,6.2
4167538,Palm Coast,US,29.59,-81.21,12/28/2020,68,64,1,4.6
140463,Birjand,IR,32.87,59.22,12/28/2020,26.6,63,0,2.1
933077,Shakawe,BW,-18.37,21.85,12/28/2020,79.178,53,38,1.99
265127,Paralia Milatou,GR,35.32,25.57,12/28/2020,59,87,20,2.1
1024312,Mocuba,MZ,-16.84,36.99,12/28/2020,76.658,93,100,2.11
5367788,Lompoc,US,34.64,-120.46,12/28/2020,48.2,87,90,4.1
3461425,Ilhabela,BR,-23.78,-45.36,12/28/2020,80.312,72,43,2
1795196,Tongchuanshi,CN,35.08,109.09,12/28/2020,28.688,76,100,11.12
4231997,Avera,US,33.19,-82.53,12/28/2020,59,47,1,3.1
6949678,Taitung City,TW,22.76,121.14,12/28/2020,71.51,68,95,3.93
5456049,Aztec,US,36.82,-107.99,12/28/2020,39.992,64,90,6.2
3461151,Ipameri,BR,-17.72,-48.16,12/28/2020,80.546,69,50,3.04
3693584,Pimentel,PE,-6.84,-79.93,12/28/2020,82.4,51,0,6.7
2109701,Auki,SB,-8.77,160.7,12/28/2020,77.54,84,75,1.19
3421719,Narsaq,GL,60.92,-46.05,12/28/2020,35.6,69,75,3.6
5392593,San Ramon,US,37.78,-121.98,12/28/2020,46.994,87,20,4.1
3354071,Oranjemund,NA,-28.55,16.43,12/28/2020,63.446,84,0,7.06
2112802,Hasaki,JP,35.73,140.83,12/28/2020,33.8,100,20,1
2542997,Marrakesh,MA,31.63,-8.01,12/28/2020,62.6,39,0,2.6
3464422,Duartina,BR,-22.41,-49.4,12/28/2020,82.4,65,75,2.6
3104324,Zaragoza,ES,41.66,-0.88,12/28/2020,51.008,57,40,8.7
988698,Knysna,ZA,-34.04,23.05,12/28/2020,69.8,83,20,3.1
1637001,Luwuk,ID,-0.95,122.79,12/28/2020,78.224,75,100,0.94
494884,Shenkursk,RU,62.11,42.9,12/28/2020,-1.678,91,0,2.21
2083537,Wewak,PG,-3.55,143.63,12/28/2020,79.592,79,80,3.28
4944903,Nantucket,US,41.28,-70.1,12/28/2020,51.8,71,40,6.7
2332453,Lagos,NG,6.58,3.75,12/28/2020,87.8,66,40,2.6
2450173,Taoudenni,ML,22.68,-3.98,12/28/2020,74.768,19,92,3.01
338345,Edd,ER,13.93,41.69,12/28/2020,79.754,51,0,8.69
2111884,Miyako,JP,39.64,141.95,12/28/2020,35.366,84,54,1.85
5554428,Ketchikan,US,55.34,-131.65,12/28/2020,33.8,100,90,1.3
2448083,Agadez,NE,19.75,10.25,12/28/2020,57.668,33,53,1.26
2170581,Coolum Beach,AU,-26.53,153.1,12/28/2020,69.998,91,94,1.61
778707,Mehamn,NO,71.04,27.85,12/28/2020,26.6,73,0,7.2
3420846,Qaqortoq,GL,60.72,-46.03,12/28/2020,35.6,69,75,3.6
1488903,Turukhansk,RU,65.82,87.98,12/28/2020,-29.74,80,0,3.01
618382,Donduşeni,MD,48.24,27.61,12/28/2020,45.932,95,100,8.42
1492948,Saryg-Sep,RU,51.5,95.6,12/28/2020,-28.426,78,0,1.37
2426370,Umm Hājar,TD,13.3,19.7,12/28/2020,81.05,19,10,4.77
2122104,Petropavlovsk-Kamchatskiy,RU,53.05,158.65,12/28/2020,8.6,65,99,3
2088659,Panguna,PG,-6.32,155.48,12/28/2020,68.576,98,90,0.42
1263752,Māngrol,IN,21.12,70.12,12/28/2020,62.042,30,0,5.77
5557293,Sitka,US,57.05,-135.33,12/28/2020,42.8,70,75,4.1
494846,Shepsi,RU,44.04,39.15,12/28/2020,55.13,62,100,0.79
1791779,Wanning,CN,18.8,110.4,12/28/2020,71.096,84,68,0.49
3761194,Miraflores,MX,19.22,-98.81,12/28/2020,66.992,26,5,2.1
3129135,Avilés,ES,43.55,-5.92,12/28/2020,51.008,81,75,10.3
1640902,Kawalu,ID,-7.38,108.21,12/28/2020,73.4,89,100,0.54
1215350,Bireun,ID,5.2,96.7,12/28/2020,77.414,83,95,1.21
483883,Tbilisskaya,RU,45.36,40.19,12/28/2020,40.226,82,100,6.97
2137773,Vao,NC,-22.67,167.48,12/28/2020,76.91,83,19,9.68
974719,Molteno,ZA,-31.4,26.36,12/28/2020,76.892,29,45,5.91
2173125,Burnie,AU,-41.07,145.92,12/28/2020,48.992,88,13,0.45
5870133,Nome,US,64.5,-165.41,12/28/2020,30.992,80,90,7.7
508034,Podporozh'ye,RU,60.91,34.17,12/28/2020,16.574,94,23,3.62
5859699,College,US,64.86,-147.8,12/28/2020,14,85,75,1.5
1214488,Meulaboh,ID,4.14,96.13,12/28/2020,74.804,93,100,1.7
3401148,Cururupu,BR,-1.83,-44.87,12/28/2020,88.394,55,44,3.97
2022129,Kichera,RU,55.94,110.1,12/28/2020,-16.564,75,100,2.93
235826,Zemio,CF,5.03,25.14,12/28/2020,80.618,33,53,0.6
6094817,Ottawa,CA,45.41,-75.7,12/28/2020,37.994,93,90,7.2
2068110,Kununurra,AU,-15.77,128.73,12/28/2020,78.8,100,92,2.6
373303,Juba,SS,4.85,31.58,12/28/2020,88.808,19,83,3.15
3024642,Arrondissement de Clermont,FR,49.5,2.42,12/28/2020,37.4,93,90,6.2
5882953,Aklavik,CA,68.22,-135.01,12/28/2020,-7.6,76,75,1
5975034,High Prairie,CA,55.43,-116.49,12/28/2020,5,84,48,2.95
1274761,Chāndbāli,IN,20.78,86.77,12/28/2020,64.382,54,0,1.64
336454,Ginir,ET,7.13,40.7,12/28/2020,59.126,59,36,0.76
312888,Hakkâri Province,TR,37.58,44.17,12/28/2020,25.61,70,84,0.67
4033557,Tautira,PF,-17.73,-149.15,12/28/2020,80.6,78,75,1.5
1489656,Teya,RU,60.38,92.63,12/28/2020,-29.704,77,0,0.61
5969025,Haines Junction,CA,60.75,-137.51,12/28/2020,19.724,93,100,1.11
1503726,Kharp,RU,66.8,65.81,12/28/2020,-19.048,82,99,4.87
3459352,Ladário,BR,-19,-57.6,12/28/2020,93.2,59,75,4.1
5699404,Scottsbluff,US,41.87,-103.67,12/28/2020,33.008,85,1,3.33
2138607,Pouébo,NC,-20.4,164.57,12/28/2020,77.198,84,11,4.27
1283334,Birin,NP,26.89,88.07,12/28/2020,44.762,86,11,1.6
498295,Savinka,RU,50.08,47.1,12/28/2020,14.45,96,0,2.91
3904221,Sipe Sipe,BO,-17.45,-66.38,12/28/2020,60.8,82,90,2.6
2021017,Kysyl-Syr,RU,63.9,122.76,12/28/2020,-3.838,90,100,5.15
1809498,Guilin,CN,25.28,110.29,12/28/2020,57.2,87,75,1
3932145,Pisco,PE,-13.7,-76.22,12/28/2020,73.4,73,90,1
2098329,Daru,PG,-9.08,143.21,12/28/2020,80.51,83,100,1.76
4014501,Charcas,MX,23.13,-101.12,12/28/2020,62.69,28,0,2.52
3865086,Bahía Blanca,AR,-38.72,-62.27,12/28/2020,78.8,61,75,6.2
3860443,Comodoro Rivadavia,AR,-45.87,-67.5,12/28/2020,82.4,39,40,4.1
1259508,Pithāpuram,IN,17.12,82.27,12/28/2020,75.2,78,0,4.6
686090,Asău,RO,46.43,26.4,12/28/2020,41,82,77,1.63
1215502,Banda Aceh,ID,5.56,95.32,12/28/2020,78.368,81,98,1.47
3346015,Sumbe,AO,-11.21,13.84,12/28/2020,78.422,80,80,3.44
2034599,Tailai,CN,46.38,123.4,12/28/2020,-7.474,81,73,3.57
5554072,Juneau,US,58.3,-134.42,12/28/2020,37.004,93,90,4.6
2189343,Kaeo,NZ,-35.1,173.78,12/28/2020,48.992,85,0,1.83
2065594,Mount Isa,AU,-20.73,139.5,12/28/2020,75.2,78,90,4.6
212902,Kindu,CD,-2.95,25.95,12/28/2020,72.446,92,99,1.03
477940,Ust-Tsilma,RU,65.44,52.15,12/28/2020,-16.222,88,50,1.66
57000,Hobyo,SO,5.35,48.53,12/28/2020,80.24,77,91,10.24
2309528,Luba,GQ,3.46,8.55,12/28/2020,86,74,20,2.6
4854534,Dubuque,US,42.48,-90.87,12/28/2020,26.006,67,1,3.6
3924908,Pimenta Bueno,BR,-11.67,-61.19,12/28/2020,73.67,94,100,1.62
510473,Peskovka,RU,59.04,52.36,12/28/2020,-9.508,90,84,1.93
4845585,Westport,US,41.14,-73.36,12/28/2020,48.992,66,75,5.1
2014836,Tupik,RU,54.43,119.93,12/28/2020,-21.118,84,99,1.75
469960,Vytegra,RU,61.01,36.45,12/28/2020,12.596,94,46,6.09
3522880,Mundo Nuevo (Ojo de Agua),MX,18.7,-95.5,12/28/2020,71.96,71,1,0.67
2030065,Mandalgovi,MN,45.76,106.27,12/28/2020,-19.93,84,1,5.6
5175079,Van Wert,US,40.87,-84.58,12/28/2020,33.008,89,90,5.7
1263997,Mahabalipuram,IN,12.63,80.17,12/28/2020,78.8,78,40,1.5
6174335,Ville-Marie,CA,47.33,-79.43,12/28/2020,12.2,78,40,7.2
3492997,Samaná,DO,19.21,-69.34,12/28/2020,73.4,100,40,2.75
2222230,Sangmélima,CM,2.93,11.98,12/28/2020,76.1,61,87,1.27
2013459,Verkh-Usugli,RU,52.7,115.17,12/28/2020,-16.618,79,35,1.7
2063036,Port Lincoln,AU,-34.73,135.87,12/28/2020,57.056,75,31,2.66
2420883,Fria,GN,10.42,-13.58,12/28/2020,87.98,33,31,2.99
1797117,Rongcheng,CN,30.63,117.85,12/28/2020,55.004,86,42,0.97
3393115,Paracuru,BR,-3.41,-39.03,12/28/2020,82.004,71,39,12.52
3576994,Cockburn Town,TC,21.46,-71.14,12/28/2020,77,78,75,4.1
535839,Leshukonskoye,RU,64.9,45.76,12/28/2020,-6.142,91,31,1.27
517926,Novosmolinskiy,RU,56.28,43.05,12/28/2020,10.4,85,90,1.61
218680,Boende,CD,-0.22,20.87,12/28/2020,77.126,79,79,0.72
525138,Morshansk,RU,53.44,41.81,12/28/2020,6.746,94,0,2.42
3450083,Santa Maria,BR,-29.68,-53.81,12/28/2020,87.8,58,40,3.6
902620,Mwinilunga,ZM,-11.74,24.43,12/28/2020,66.578,92,69,2.46
2762290,Vorchdorf,AT,48,13.92,12/28/2020,42.8,60,40,7.2
609404,Khromtau,KZ,50.25,58.43,12/28/2020,15.08,97,86,4.23
1489661,Tevriz,RU,57.51,72.4,12/28/2020,6.008,94,100,4.25
1630789,Pontianak,ID,-0.03,109.33,12/28/2020,76.424,91,100,1.68
3392887,Patos,BR,-7.02,-37.28,12/28/2020,97.718,23,0,6.72
699328,Novopokrovka,UA,49.84,36.55,12/28/2020,26.6,73,0,7
4920986,Griffith,US,41.53,-87.42,12/28/2020,33.008,86,90,4.1
3691582,Talara,PE,-4.58,-81.27,12/28/2020,86,55,0,6.7
105298,Jizan,SA,17.33,42.67,12/28/2020,80.6,69,0,2.6
157014,Kisanga,TZ,-7.44,37.7,12/28/2020,77.27,78,53,3.75
1650232,Banjar,ID,-8.19,114.97,12/28/2020,82.4,78,75,4.1
2396518,Port-Gentil,GA,-0.72,8.78,12/28/2020,80.6,83,40,3.1
3653882,Naranjal,EC,-2.67,-79.62,12/28/2020,86,51,75,1.5
2277060,Gbarnga,LR,7,-9.47,12/28/2020,82.652,50,38,1.09
2522867,Trebisacce,IT,39.87,16.53,12/28/2020,53.006,67,0,4.68
3369174,Calvinia,ZA,-31.47,19.78,12/28/2020,70.25,30,0,3.37
5392900,Santa Ana,US,33.75,-117.87,12/28/2020,53.006,81,75,5.1
1278969,Along,IN,28.17,94.77,12/28/2020,48.506,64,4,0.69
4000821,Acuitzio,MX,20.34,-101.98,12/28/2020,75.56,18,9,1.77
2142316,Yeppoon,AU,-23.13,150.73,12/28/2020,78.8,74,98,2.1
3465164,Cristalina,BR,-16.77,-47.61,12/28/2020,72.5,87,89,2.74
2334008,Kontagora,NG,10.4,5.47,12/28/2020,82.49,22,2,1.5
3665210,Rodrigues Alves,BR,-7.74,-72.65,12/28/2020,82.4,78,75,2.1
5468773,Gallup,US,35.53,-108.74,12/28/2020,46.004,52,90,5.1
1497917,Nefteyugansk,RU,61.1,72.6,12/28/2020,3.2,77,75,6
5690532,Minot,US,48.23,-101.3,12/28/2020,15.8,61,1,3.6
478689,Urmary,RU,55.68,47.94,12/28/2020,10.4,85,75,3
512817,Pankovka,RU,58.5,31.2,12/28/2020,25.124,94,84,5.77
2439376,Tahoua,NE,14.89,5.27,12/28/2020,84.2,12,0,3.1
4021858,Guerrero Negro,MX,27.98,-114.06,12/28/2020,62.474,65,81,5.71
3412093,Vestmannaeyjar,IS,63.44,-20.27,12/28/2020,28.4,63,20,7.7
2219235,Ubari,LY,26.59,12.78,12/28/2020,52.412,43,0,0.57
3733380,Campoverde,PE,-8.48,-74.81,12/28/2020,82.4,69,75,1.5
